timestamp,open,high,low,close,volume,RSI,RSI_signal,EMA9,EMA21,EMA_signal,CROSS_UP,CROSS_DOWN,ENTRY_LONG,ENTRY_SHORT,TRADE_SIGNAL,BB_upper,BB_lower,BB_signal,CONSENSUS
2025-09-28 15:00:34.118864+00:00,2500.1464038812405,2501.325527973904,2498.1283434954607,2500.1118268483674,1897,,HOLD,2500.1118268483674,2500.1118268483674,SELL,False,False,False,False,HOLD,,,HOLD,HOLD
2025-09-28 15:05:34.118864+00:00,2501.558251631381,2501.928438875659,2499.290278632248,2500.867254111113,1667,,HOLD,2500.2629123009165,2500.1805020540714,BUY,True,False,False,False,HOLD,,,HOLD,HOLD
2025-09-28 15:10:34.118864+00:00,2502.9568080083127,2502.1008817745033,2499.8950247109015,2501.3429063854546,2087,,HOLD,2500.4789111178243,2500.286175175106,BUY,False,False,False,False,HOLD,,,HOLD,HOLD
2025-09-28 15:15:34.118864+00:00,2500.082803512647,2501.8202788486824,2499.9113489190927,2500.7739752446605,2033,94.38353110226154,SELL,2500.5379239431913,2500.3305206359746,BUY,False,False,False,False,HOLD,,,HOLD,SELL
2025-09-28 15:20:34.118864+00:00,2501.6241654708415,2503.6702692121626,2500.5890813506126,2502.185465645046,3264,95.11637074060766,SELL,2500.8674322835623,2500.4991520004355,BUY,False,False,False,False,HOLD,,,HOLD,SELL
2025-09-28 15:25:34.118864+00:00,2500.208783864199,2504.068015175351,2500.3286147399335,2502.089451556176,4799,94.21581392510909,SELL,2501.111836138085,2500.643724687321,BUY,False,False,False,False,HOLD,,,HOLD,SELL
2025-09-28 15:30:34.118864+00:00,2500.7823981603915,2501.745696293173,2499.9458755779942,2500.8049830094146,2624,82.90692711277516,SELL,2501.0504655123514,2500.658384534784,BUY,False,False,False,False,HOLD,,,HOLD,SELL
2025-09-28 15:35:34.118864+00:00,2505.0800212137533,2507.4192750807524,2504.54606531046,2505.8593800679037,3900,88.67002124919722,SELL,2502.012248423462,2501.131202310522,BUY,False,False,False,False,HOLD,,,HOLD,SELL
2025-09-28 15:40:34.118864+00:00,2505.3693300934046,2506.2927203990926,2503.483462410747,2505.37082418064,2517,85.66352217337301,SELL,2502.683963574898,2501.5166224805325,BUY,False,False,False,False,HOLD,,,HOLD,SELL
2025-09-28 15:45:34.118864+00:00,2504.5180685546006,2504.6174864038294,2502.403270724879,2503.9174122390727,1052,77.26982411929387,SELL,2502.930653307733,2501.7348760949453,BUY,False,False,False,False,HOLD,,,HOLD,SELL
2025-09-28 15:50:34.118864+00:00,2502.716575676964,2504.6353325858922,2501.5462304727803,2503.119964459385,3428,73.04097500697823,SELL,2502.9685155380635,2501.8607932189852,BUY,False,False,False,False,HOLD,,,HOLD,SELL
2025-09-28 15:55:34.118864+00:00,2500.153393648229,2502.7027300740274,2500.3392854360864,2501.7028177333377,3902,66.11603067854608,HOLD,2502.7153759771186,2501.846431811199,BUY,False,False,False,False,HOLD,,,HOLD,HOLD
2025-09-28 16:00:34.118864+00:00,2501.860303482158,2501.842171383615,2499.2211329478446,2500.51003458158,3328,60.883844889244145,HOLD,2502.274307698011,2501.7249411539606,BUY,False,False,False,False,HOLD,,,HOLD,HOLD
2025-09-28 16:05:34.118864+00:00,2500.156888658117,2502.5182067679843,2499.9773299115604,2501.0536966562545,3638,62.346474156018886,HOLD,2502.0301854896597,2501.6639189268963,BUY,False,False,False,False,HOLD,,,HOLD,HOLD
2025-09-28 16:10:34.118864+00:00,2500.711079045963,2502.3869535063172,2499.1034946533964,2500.7853724745937,1961,61.131523121854066,HOLD,2501.781222886647,2501.584051067596,BUY,False,False,False,False,HOLD,,,HOLD,HOLD
2025-09-28 16:15:34.118864+00:00,2496.5443516382006,2498.7194120404265,2497.021282845757,2498.016548928436,1711,50.24972394878952,HOLD,2501.028288095005,2501.2597326913087,SELL,False,True,False,False,HOLD,,,HOLD,HOLD
2025-09-28 16:20:34.118864+00:00,2497.4092273304964,2498.208131049649,2496.681623949319,2497.2056100560835,4362,47.57842161745379,HOLD,2500.2637524872207,2500.8911760881065,SELL,False,False,False,False,HOLD,,,HOLD,HOLD
2025-09-28 16:25:34.118864+00:00,2495.1380409882377,2497.83669430636,2495.142536958749,2496.6864909494107,3939,45.89640003714174,HOLD,2499.548300179659,2500.508931984589,SELL,False,False,False,False,HOLD,,,HOLD,HOLD
2025-09-28 16:30:34.118864+00:00,2499.469812277922,2500.932917879979,2498.4978212705996,2499.4079181146735,4431,54.8982075177798,HOLD,2499.5202237666617,2500.408839814597,SELL,False,False,False,False,HOLD,,,HOLD,HOLD
2025-09-28 16:35:34.118864+00:00,2501.0186123999742,2501.3956854781454,2499.2438781166247,2499.979221071793,1381,56.533199658315,HOLD,2499.612023227688,2500.369783565251,SELL,False,False,False,False,HOLD,2505.8008574083747,2496.378258022965,HOLD,HOLD
2025-09-28 16:40:34.118864+00:00,2503.04939457287,2502.7409466827667,2500.0787783557034,2502.0198334126453,1248,61.85263067294806,HOLD,2500.09358526468,2500.519788096832,SELL,False,False,False,False,HOLD,2505.890163862858,2496.4797522249096,HOLD,HOLD
2025-09-28 16:45:34.118864+00:00,2499.826610140465,2501.6012469488937,2499.4473341260923,2500.6211321084647,1298,56.7280912966582,HOLD,2500.1990946334367,2500.5290011887987,SELL,False,False,False,False,HOLD,2505.882641409364,2496.462662478139,HOLD,HOLD
2025-09-28 16:50:34.118864+00:00,2497.5376521956687,2499.7764123648126,2496.9685559764516,2498.9501323970285,2608,51.26368982237816,HOLD,2499.9493021861554,2500.385467662274,SELL,False,False,False,False,HOLD,2505.8652420053977,2496.2407844832624,HOLD,HOLD
2025-09-28 16:55:34.118864+00:00,2499.4204974259387,2499.554204360331,2497.8618925193,2498.892095838699,1932,51.079654013634716,HOLD,2499.737860916664,2500.2497065874036,SELL,False,False,False,False,HOLD,2505.866764125434,2496.0510744226303,HOLD,HOLD
2025-09-28 17:00:34.118864+00:00,2498.1450782093984,2499.7526772165256,2497.4269073596442,2498.056109800668,4779,48.38510424011955,HOLD,2499.401510693465,2500.0502886977,SELL,False,False,False,False,HOLD,2505.788788454982,2495.716114508644,HOLD,HOLD
2025-09-28 17:05:34.118864+00:00,2499.8291485459736,2500.955975881123,2497.8080595943034,2499.376071798022,3192,52.63378439066275,HOLD,2499.396422914376,2499.988996252275,SELL,False,False,False,False,HOLD,2505.647655774993,2495.5859092128176,HOLD,HOLD
2025-09-28 17:10:34.118864+00:00,2500.203589090909,2500.3570335548825,2498.4220108348386,2499.6795564072045,3542,53.57990165269023,HOLD,2499.453049612942,2499.960865357268,SELL,False,False,False,False,HOLD,2505.607670915595,2495.5133514119943,HOLD,HOLD
2025-09-28 17:15:34.118864+00:00,2502.3226948701486,2502.935558193082,2499.478515523256,2501.4448496592768,4449,58.742243504325906,HOLD,2499.851409622209,2500.095773021087,SELL,False,False,False,False,HOLD,2504.75817423773,2495.921395048996,HOLD,HOLD
2025-09-28 17:20:34.118864+00:00,2498.0056551034004,2497.624093736456,2496.1787855113025,2497.0316800663663,2375,45.2070297943874,HOLD,2499.2874637110403,2499.817219116112,SELL,False,False,False,False,HOLD,2503.893388109312,2495.952266765988,HOLD,HOLD
2025-09-28 17:25:34.118864+00:00,2496.696012944694,2498.3411292651854,2496.2054385078413,2497.5607243626955,1257,46.789862700475,HOLD,2498.9421158413716,2499.6120832294373,SELL,False,False,False,False,HOLD,2503.232022316505,2495.9779637711563,HOLD,HOLD
2025-09-28 17:30:34.118864+00:00,2495.4578884639473,2497.5688628701414,2496.549452639685,2497.055542867782,2882,45.44000291785012,HOLD,2498.5648012466536,2499.379670469287,SELL,False,False,False,False,HOLD,2502.6981689119134,2495.905375016589,HOLD,HOLD
2025-09-28 17:35:34.118864+00:00,2492.3843693066933,2494.9358223004715,2492.466267567161,2493.661217079471,4581,37.592539115982994,HOLD,2497.584084413217,2498.8598110702123,SELL,False,False,False,False,HOLD,2502.941868381339,2494.8575154817754,BUY,HOLD
2025-09-28 17:40:34.118864+00:00,2490.1234131996102,2492.624796421071,2489.266814232259,2490.7634712178924,2596,32.44161767530716,HOLD,2496.2199617741526,2498.123780174547,SELL,False,False,False,False,HOLD,2503.7723767999614,2493.0523507267844,BUY,HOLD
2025-09-28 17:45:34.118864+00:00,2492.1708443081884,2490.749937045832,2488.631477414009,2490.0385719745245,3294,31.286715307127935,HOLD,2494.9836838142273,2497.388761247272,SELL,False,False,False,False,HOLD,2504.2448646537887,2491.4783504047846,BUY,HOLD
2025-09-28 17:50:34.118864+00:00,2490.589156578249,2491.177809856403,2489.0584285138716,2490.474228282672,1978,32.83425448819642,HOLD,2494.0817927079165,2496.7601673413997,SELL,False,False,False,False,HOLD,2504.3686057199134,2490.323494919467,HOLD,HOLD
2025-09-28 17:55:34.118864+00:00,2487.5658632646396,2489.613968329862,2488.044018923332,2488.600169499523,2270,29.73218413367067,BUY,2492.985468066238,2496.0183493557743,SELL,False,False,False,False,HOLD,2504.899665134041,2488.8507975624484,BUY,BUY
2025-09-28 18:00:34.118864+00:00,2485.299383171925,2488.1831105057086,2484.952454889254,2486.3229661813516,1244,26.460805411445804,BUY,2491.6529676892605,2495.136950885372,SELL,False,False,False,False,HOLD,2505.635080834063,2487.0271174749532,BUY,BUY
2025-09-28 18:05:34.118864+00:00,2490.7984725437286,2489.6752537839066,2486.4570009643485,2487.726747245757,4213,31.466766710904608,HOLD,2490.8677236005597,2494.463296009043,SELL,False,False,False,False,HOLD,2505.946846494044,2485.8193774446067,HOLD,HOLD
2025-09-28 18:10:34.118864+00:00,2488.0725760667306,2488.95105199935,2486.8560283354814,2487.635309018012,3503,31.317224092005617,HOLD,2490.2212406840504,2493.8425699189493,SELL,False,False,False,False,HOLD,2505.855047225898,2484.733915803087,HOLD,HOLD
2025-09-28 18:15:34.118864+00:00,2486.0831812552833,2488.4672636885816,2486.4787653040635,2487.745305143088,4267,31.737495023395837,HOLD,2489.726053575858,2493.2882731211434,SELL,False,False,False,False,HOLD,2505.5145732257647,2483.850998210349,HOLD,HOLD
2025-09-28 18:20:34.118864+00:00,2487.809847326424,2488.946719557605,2486.354818081921,2488.1573976364875,3459,33.38214749649781,HOLD,2489.4123223879837,2492.8218298952656,SELL,False,False,False,False,HOLD,2504.6168016076317,2483.3625262508667,HOLD,HOLD
2025-09-28 18:25:34.118864+00:00,2491.424400074503,2492.5688533960206,2489.8612408523427,2490.8957778201084,3761,43.178960507870336,HOLD,2489.709013474409,2492.6467342520696,SELL,False,False,False,False,HOLD,2503.735573506517,2483.2712189231456,HOLD,HOLD
2025-09-28 18:30:34.118864+00:00,2487.176856445926,2490.862669568902,2488.2092934139946,2488.9501453316975,1629,38.81170445464686,HOLD,2489.5572398458667,2492.310680713854,SELL,False,False,False,False,HOLD,2503.0912015793137,2482.915592143817,HOLD,HOLD
2025-09-28 18:35:34.118864+00:00,2490.8424410911807,2490.908129586764,2488.55684988113,2489.3097818669453,2052,40.019338648294365,HOLD,2489.5077482500824,2492.037871727771,SELL,False,False,False,False,HOLD,2502.341055723244,2482.7075066027096,HOLD,HOLD
2025-09-28 18:40:34.118864+00:00,2490.0623050759746,2491.4355533322378,2488.60244467431,2489.840822932788,1631,41.84452265907816,HOLD,2489.5743631866235,2491.838140019136,SELL,False,False,False,False,HOLD,2501.638866060028,2482.588167579139,HOLD,HOLD
2025-09-28 18:45:34.118864+00:00,2489.7517147934345,2491.589774170215,2489.39396325977,2490.595908632393,1033,44.43368809003579,HOLD,2489.7786722757774,2491.7252098930685,SELL,False,False,False,False,HOLD,2500.579648368924,2482.7693689536795,HOLD,HOLD
2025-09-28 18:50:34.118864+00:00,2490.0604511034076,2490.315525265769,2488.6210388355034,2489.4718526015754,3889,41.473519379600724,HOLD,2489.717308340937,2491.5203592302055,SELL,False,False,False,False,HOLD,2499.271861570968,2483.056385371073,HOLD,HOLD
2025-09-28 18:55:34.118864+00:00,2488.4273037573544,2488.850625865838,2485.1684650695765,2486.9522142685714,3538,35.727789796758486,HOLD,2489.164289526464,2491.1050733246025,SELL,False,False,False,False,HOLD,2497.148295898889,2483.7306875040813,HOLD,HOLD
2025-09-28 19:00:34.118864+00:00,2484.4483359784695,2484.6060437435267,2481.2175637961755,2483.1421066590333,4512,29.151030814046422,BUY,2487.959852952978,2490.381167264096,SELL,False,False,False,False,HOLD,2496.456152614379,2483.0338734478573,HOLD,BUY
2025-09-28 19:05:34.118864+00:00,2482.3869874361344,2482.7849419095733,2480.0511813087446,2480.894847384606,3472,26.09936897834021,BUY,2486.5468518393036,2489.5187745477783,SELL,False,False,False,False,HOLD,2495.675238034086,2482.1482003303418,BUY,BUY
2025-09-28 19:10:34.118864+00:00,2482.9593154586028,2483.5748114865246,2480.760725636929,2482.5095822842677,2633,31.63714534029728,HOLD,2485.7393979282965,2488.8815752510955,SELL,False,False,False,False,HOLD,2494.363773591548,2482.0050687145276,HOLD,HOLD
2025-09-28 19:15:34.118864+00:00,2484.9118343248374,2483.6951608973895,2481.9298077066364,2482.783892803322,3610,32.56167312368541,HOLD,2485.148296903302,2488.3272404831164,SELL,False,False,False,False,HOLD,2493.7039131770844,2481.577196701377,HOLD,HOLD
2025-09-28 19:20:34.118864+00:00,2482.3364722994884,2484.0665738896832,2481.823068903817,2482.5955333411866,2139,32.23925868139018,HOLD,2484.637744190879,2487.806176197486,SELL,False,False,False,False,HOLD,2493.5064894412017,2480.957826649589,HOLD,HOLD
2025-09-28 19:25:34.118864+00:00,2483.6710786707586,2485.675192213802,2482.6119944581123,2484.281692031012,1168,38.143806609068605,HOLD,2484.5665337589057,2487.485768545988,SELL,False,False,False,False,HOLD,2493.2047423324107,2480.683885764029,HOLD,HOLD
2025-09-28 19:30:34.118864+00:00,2485.899076492158,2487.523221476091,2485.047254677942,2485.9586384698646,1065,43.423959336124156,HOLD,2484.844954701098,2487.3469385390677,SELL,False,False,False,False,HOLD,2492.764991636031,2480.672077479128,HOLD,HOLD
2025-09-28 19:35:34.118864+00:00,2485.0052067422,2487.0172002157456,2483.92546312494,2485.500392570328,3945,42.35986067510329,HOLD,2484.976042274944,2487.1790707237274,SELL,False,False,False,False,HOLD,2492.565671548612,2480.5614198736266,HOLD,HOLD
2025-09-28 19:40:34.118864+00:00,2486.201376307197,2488.2146125628233,2484.7980941379074,2486.775951423131,4540,46.30424333781181,HOLD,2485.3360241045816,2487.1424235145823,SELL,False,False,False,False,HOLD,2492.5879170435924,2480.5844729028254,HOLD,HOLD
2025-09-28 19:45:34.118864+00:00,2485.1534566453724,2487.486334547889,2485.1054342747307,2485.950990759795,3156,44.197696696890986,HOLD,2485.4590174356244,2487.034111445965,SELL,False,False,False,False,HOLD,2492.48059643134,2480.514217866481,HOLD,HOLD
2025-09-28 19:50:34.118864+00:00,2485.4762672275806,2485.599919041336,2484.1069131136114,2484.768835382166,4234,41.2982948381605,HOLD,2485.3209810249327,2486.8281772583473,SELL,False,False,False,False,HOLD,2492.35979018452,2480.348376749716,HOLD,HOLD
2025-09-28 19:55:34.118864+00:00,2489.12258556846,2489.7487422769555,2487.610113489425,2488.4369992611505,2512,51.85281566884471,HOLD,2485.9441846721766,2486.9744338040564,SELL,False,False,False,False,HOLD,2492.4359303808583,2480.3414059651845,HOLD,HOLD
2025-09-28 20:00:34.118864+00:00,2487.2393847210797,2487.903152181376,2485.2691862806882,2486.5516709972803,1452,47.15949840108501,HOLD,2486.0656819371975,2486.936000821622,SELL,False,False,False,False,HOLD,2492.2991432214194,2480.3176204607025,HOLD,HOLD
2025-09-28 20:05:34.118864+00:00,2486.8693381562657,2487.6304660977767,2485.217063555016,2486.2104585153893,2044,46.34196662068673,HOLD,2486.094637252836,2486.8700424301464,SELL,False,False,False,False,HOLD,2491.6624793564993,2480.485752395151,HOLD,HOLD
2025-09-28 20:10:34.118864+00:00,2486.3846531055874,2487.6968226927834,2484.675297110573,2485.939572696717,1115,45.66515708914096,HOLD,2486.063624341612,2486.7854542725618,SELL,False,False,False,False,HOLD,2491.345471931333,2480.5017025568186,HOLD,HOLD
2025-09-28 20:15:34.118864+00:00,2485.8838567081375,2486.8762984087493,2484.8868327513155,2486.0037293451232,1404,45.86680593509187,HOLD,2486.0516453423143,2486.7143883700674,SELL,False,False,False,False,HOLD,2490.94183286397,2480.5747363720006,HOLD,HOLD
2025-09-28 20:20:34.118864+00:00,2483.7068095026666,2485.409549636212,2482.825781471592,2484.4934738356174,4498,41.922605011579954,HOLD,2485.7400110409753,2486.512487048754,SELL,False,False,False,False,HOLD,2490.327868989109,2480.653965337144,HOLD,HOLD
2025-09-28 20:25:34.118864+00:00,2482.1481542565357,2483.1180816027795,2481.7858959801792,2482.6127331820694,2452,37.587790692544196,HOLD,2485.1145554691943,2486.1579639699644,SELL,False,False,False,False,HOLD,2489.4486752074386,2480.734841573782,HOLD,HOLD
2025-09-28 20:30:34.118864+00:00,2483.744849883986,2484.502414586798,2481.861000316939,2483.0331533759754,3895,39.10362938034719,HOLD,2484.698275050551,2485.8738902796017,SELL,False,False,False,False,HOLD,2488.694045823105,2480.8456010355553,HOLD,HOLD
2025-09-28 20:35:34.118864+00:00,2479.847971947239,2480.590262516408,2478.4507090777706,2479.612667800217,4058,32.24242954082345,HOLD,2483.6811536004843,2485.3046882360213,SELL,False,False,False,False,HOLD,2488.8106789406374,2479.9950132711874,BUY,HOLD
2025-09-28 20:40:34.118864+00:00,2481.7541472758107,2479.466773732041,2476.8643081732484,2478.7654851139396,3046,30.80090998046701,HOLD,2482.6980199031755,2484.7102152249226,SELL,False,False,False,False,HOLD,2489.242001691002,2479.126028366314,BUY,HOLD
2025-09-28 20:45:34.118864+00:00,2481.4006781888356,2482.523566650385,2479.8499407872973,2480.6029877531478,1605,37.34411096225874,HOLD,2482.27901347317,2484.3368309093066,SELL,False,False,False,False,HOLD,2489.2688794293267,2479.069964664843,HOLD,HOLD
2025-09-28 20:50:34.118864+00:00,2482.656645229152,2484.5931126098417,2481.7538566767203,2482.7691966265825,4926,44.0595287934235,HOLD,2482.3770501038525,2484.1943187017864,SELL,False,False,False,False,HOLD,2489.265365115922,2479.099440412479,HOLD,HOLD
2025-09-28 20:55:34.118864+00:00,2484.897544258675,2483.7149808946187,2482.0938796217806,2482.8454416515087,1963,44.28587453299769,HOLD,2482.4707284133838,2484.0716935153973,SELL,False,False,False,False,HOLD,2489.264950760681,2479.106009652539,HOLD,HOLD
2025-09-28 21:00:34.118864+00:00,2484.9179308966995,2485.89999090114,2482.7046037567543,2484.6309252745205,2158,49.44460411900324,HOLD,2482.902767785611,2484.122532766227,SELL,False,False,False,False,HOLD,2489.3138778355087,2479.2606217710445,HOLD,HOLD
2025-09-28 21:05:34.118864+00:00,2485.640829362801,2487.965653673003,2486.145799579232,2487.34759228879,1113,56.10443646248712,HOLD,2483.791732686247,2484.4157199955507,SELL,False,False,False,False,HOLD,2489.650128647383,2479.230960984948,HOLD,HOLD
2025-09-28 21:10:34.118864+00:00,2490.243592316349,2491.190576312535,2488.6648345922713,2489.482882926384,2536,60.5080539289338,HOLD,2484.9299627342743,2484.876371171081,BUY,True,False,True,False,LONG,2490.2626857607984,2478.970828317185,HOLD,HOLD
2025-09-28 21:15:34.118864+00:00,2488.4496835301115,2489.1498371841235,2487.9552436683566,2488.5552140952022,4793,57.795349338533434,HOLD,2485.65501300646,2485.21081143691,BUY,False,False,False,False,HOLD,2490.6753821282055,2478.8636141022653,HOLD,HOLD
2025-09-28 21:20:34.118864+00:00,2489.6076449792786,2491.551132053802,2490.001374022374,2490.5472942279202,2718,61.76000659255978,HOLD,2486.633469250752,2485.6959462360924,BUY,False,False,False,False,HOLD,2491.3541723790145,2478.5619581319347,HOLD,HOLD
2025-09-28 21:25:34.118864+00:00,2486.870679552667,2487.830768293175,2484.483725097949,2486.1060077315274,1285,50.3939373227033,HOLD,2486.527976946907,2485.733224553859,BUY,False,False,False,False,HOLD,2491.367362865393,2478.5642693427303,HOLD,HOLD
2025-09-28 21:30:34.118864+00:00,2486.0605366138575,2487.1268215426585,2484.62925024789,2486.2830566986854,1512,50.78279369017465,HOLD,2486.4789928972627,2485.783209294298,BUY,False,False,False,False,HOLD,2491.469029468157,2478.6140248716183,HOLD,HOLD
2025-09-28 21:35:34.118864+00:00,2487.2762664828083,2489.2583224704363,2487.2367280098724,2487.9264155926253,1075,54.35908208030247,HOLD,2486.7684774363356,2485.9780462305093,BUY,False,False,False,False,HOLD,2491.3905534628548,2478.6414425100675,HOLD,HOLD
2025-09-28 21:40:34.118864+00:00,2488.827798524728,2491.5636257509477,2489.092562038685,2490.425954321545,4793,59.21356977375237,HOLD,2487.4999728133776,2486.3824015115124,BUY,False,False,False,False,HOLD,2492.0025083464016,2478.4169159589464,HOLD,HOLD
2025-09-28 21:45:34.118864+00:00,2493.6157351395414,2494.294861837937,2491.5569911847706,2493.304705540165,1008,63.967109077068685,HOLD,2488.660919358735,2487.0117018777532,BUY,False,False,False,False,HOLD,2493.25838506411,2477.870463943717,SELL,HOLD
2025-09-28 21:50:34.118864+00:00,2492.194007010772,2493.9752402022905,2491.0335876988597,2492.207355428782,3633,61.04640698682938,HOLD,2489.370206572745,2487.484034018756,BUY,False,False,False,False,HOLD,2494.126697817958,2477.6289294630747,HOLD,HOLD
2025-09-28 21:55:34.118864+00:00,2492.847899600402,2495.0229747936264,2491.721017036077,2493.681832911497,1872,63.46058736416457,HOLD,2490.2325318404955,2488.047470281733,BUY,False,False,False,False,HOLD,2495.2194984617154,2477.303939175955,HOLD,HOLD
2025-09-28 22:00:34.118864+00:00,2494.9039955800795,2497.2593804361045,2494.5322626199927,2495.272553029191,3567,65.91488521108741,HOLD,2491.240536078235,2488.704295986047,BUY,False,False,False,False,HOLD,2496.570741377661,2477.0306041793665,HOLD,HOLD
2025-09-28 22:05:34.118864+00:00,2495.5410944908563,2496.456272344531,2493.783998167037,2494.7457042743968,4651,64.37267307698319,HOLD,2491.9415697174672,2489.2535149213513,BUY,False,False,False,False,HOLD,2497.5808874944387,2477.233755171822,HOLD,HOLD
2025-09-28 22:10:34.118864+00:00,2490.6538629804686,2491.434389815045,2489.5378005283246,2490.892637897806,4059,54.35619821408667,HOLD,2491.7317833535353,2489.4025261010293,BUY,False,False,False,False,HOLD,2497.8690841391967,2477.731506979246,HOLD,HOLD
2025-09-28 22:15:34.118864+00:00,2493.38426566962,2495.0030074970964,2491.5688728053415,2493.309041293059,4779,58.696752494981936,HOLD,2492.0472349414404,2489.757663845759,BUY,False,False,False,False,HOLD,2498.060157346274,2478.9100711214537,HOLD,HOLD
2025-09-28 22:20:34.118864+00:00,2491.2688622009077,2494.789149575324,2492.1321879586817,2492.8142382980077,4313,57.49112877900528,HOLD,2492.200635612754,2490.035534250509,BUY,False,False,False,False,HOLD,2497.770136977859,2480.604966808276,HOLD,HOLD
2025-09-28 22:25:34.118864+00:00,2493.5638920096612,2493.272199417125,2491.4403534962694,2492.373697692447,2082,56.38076075078997,HOLD,2492.2352480286927,2490.2480945634125,BUY,False,False,False,False,HOLD,2497.445822099817,2482.1063526802477,HOLD,HOLD
2025-09-28 22:30:34.118864+00:00,2490.1261655010226,2491.023111465532,2489.00831588878,2490.1335673769195,3218,50.98805661069735,HOLD,2491.8149118983383,2490.237683001004,BUY,False,False,False,False,HOLD,2497.068520052145,2483.220091802953,HOLD,HOLD
2025-09-28 22:35:34.118864+00:00,2489.052311557693,2489.878387412769,2487.9310128013312,2489.182977439001,1510,48.85270738117386,HOLD,2491.288525006471,2490.141800677185,BUY,False,False,False,False,HOLD,2496.502793440728,2484.4195719931195,HOLD,HOLD
2025-09-28 22:40:34.118864+00:00,2488.8511549978793,2490.5352171027657,2487.0533239370766,2488.9397582603056,1040,48.29539909456092,HOLD,2490.818771657238,2490.0325240938323,BUY,False,False,False,False,HOLD,2496.120588945218,2485.2326597872075,HOLD,HOLD
2025-09-28 22:45:34.118864+00:00,2488.652492788984,2490.615198723792,2487.9061942764984,2489.39260766182,1286,49.45165631336841,HOLD,2490.5335388581543,2489.9743498727403,BUY,False,False,False,False,HOLD,2496.033080548953,2485.524669720776,HOLD,HOLD
2025-09-28 22:50:34.118864+00:00,2489.663674719152,2491.8424896230435,2488.7565268034014,2490.648050974494,2005,52.61532616173542,HOLD,2490.5564412814224,2490.035595427445,BUY,False,False,False,False,HOLD,2496.0565576305526,2485.617709443987,HOLD,HOLD
2025-09-28 22:55:34.118864+00:00,2489.3615315601246,2490.367457327307,2488.639849979944,2489.8375724237753,4152,50.42136988666943,HOLD,2490.4126675098933,2490.017593336202,BUY,False,False,False,False,HOLD,2496.0334221506314,2485.7690807567647,HOLD,HOLD
2025-09-28 23:00:34.118864+00:00,2493.4075208498643,2494.573411159837,2492.2978079155178,2492.8880112402403,1446,57.589340317304035,HOLD,2490.907736255963,2490.2785404183874,BUY,False,False,False,False,HOLD,2496.2227199741765,2485.8138546344526,HOLD,HOLD
2025-09-28 23:05:34.118864+00:00,2493.373384950512,2494.2601731813343,2493.171514160374,2493.689341591796,4875,59.255824417146805,HOLD,2491.4640573231295,2490.5886132523333,BUY,False,False,False,False,HOLD,2496.183129113437,2486.6117788812194,HOLD,HOLD
2025-09-28 23:10:34.118864+00:00,2494.659365571094,2496.0475354947152,2493.4174436423036,2494.8252931004163,3925,61.56163654407778,HOLD,2492.1363044785867,2490.9737659657953,BUY,False,False,False,False,HOLD,2496.1950961009493,2487.454035533879,HOLD,HOLD
2025-09-28 23:15:34.118864+00:00,2494.4662263886867,2496.689801514583,2494.049826583595,2494.814022998631,3900,61.5244351899256,HOLD,2492.6718481825956,2491.3228802415074,BUY,False,False,False,False,HOLD,2496.326415390842,2488.0114769845877,HOLD,HOLD
2025-09-28 23:20:34.118864+00:00,2493.3555752622256,2496.234019892057,2493.2496834127405,2494.748946732522,4747,61.29410716318348,HOLD,2493.087267892581,2491.6343408315993,BUY,False,False,False,False,HOLD,2496.609974064434,2488.160217552094,HOLD,HOLD
2025-09-28 23:25:34.118864+00:00,2496.0642877648465,2497.476776429809,2495.266914813539,2496.2509996652407,4310,64.58930085492972,HOLD,2493.720014247113,2492.0540370892027,BUY,False,False,False,False,HOLD,2497.0850518634315,2487.979769165603,HOLD,HOLD
2025-09-28 23:30:34.118864+00:00,2494.467508975942,2496.2424441824314,2494.134663863782,2495.712486464437,1626,62.533814590864736,HOLD,2494.118508690578,2492.386623396042,BUY,False,False,False,False,HOLD,2497.4725386447517,2487.9427954878483,HOLD,HOLD
2025-09-28 23:35:34.118864+00:00,2492.5592561990975,2495.072675459751,2492.1401572817567,2493.6730407391833,2561,55.34975128345677,HOLD,2494.029415100299,2492.5035704272364,BUY,False,False,False,False,HOLD,2497.471722214687,2487.942732700683,HOLD,HOLD
2025-09-28 23:40:34.118864+00:00,2491.0418910838307,2491.9586820912723,2490.3048370413503,2490.9561130378024,3078,47.5179209127787,HOLD,2493.4147546878,2492.362892482742,BUY,False,False,False,False,HOLD,2497.156637952775,2487.826172963455,HOLD,HOLD
2025-09-28 23:45:34.118864+00:00,2493.8410990423768,2493.4583886883406,2491.5605834514813,2492.648481463427,3253,52.06757631725817,HOLD,2493.2615000429255,2492.3888551173495,BUY,False,False,False,False,HOLD,2496.9311481768877,2487.841940458245,HOLD,HOLD
2025-09-28 23:50:34.118864+00:00,2493.708115792113,2493.820849437631,2491.7795383009307,2492.827548141665,2068,52.53642474943559,HOLD,2493.1747096626736,2492.4287363013777,BUY,False,False,False,False,HOLD,2496.976074670755,2487.990504988764,HOLD,HOLD
2025-09-28 23:55:34.118864+00:00,2492.7945205067567,2494.0256287199827,2491.6308104007276,2492.5267069792385,2602,51.622833189526354,HOLD,2493.0451091259865,2492.437642726638,BUY,False,False,False,False,HOLD,2496.9202784806694,2487.968067747468,HOLD,HOLD
2025-09-29 00:00:34.118864+00:00,2493.0982411315945,2493.725465023124,2492.2294730138315,2492.8334986336004,3057,52.52941523235367,HOLD,2493.0027870275094,2492.473629627271,BUY,False,False,False,False,HOLD,2496.9215850059254,2487.9686872557713,HOLD,HOLD
2025-09-29 00:05:34.118864+00:00,2491.5947615901187,2490.708501238382,2487.9765663545254,2489.849870864153,2745,43.91102691083763,HOLD,2492.3722037948382,2492.235106103351,BUY,False,False,False,False,HOLD,2496.9437096434085,2487.694179935459,HOLD,HOLD
2025-09-29 00:10:34.118864+00:00,2494.262680027127,2495.3362785330546,2493.5363593487236,2494.1451647490935,2692,55.28494691292631,HOLD,2492.7267959856895,2492.4087477984185,BUY,False,False,False,False,HOLD,2497.0928960165015,2487.9461532995824,HOLD,HOLD
2025-09-29 00:15:34.118864+00:00,2494.0379112313,2495.9990853689696,2493.009740924449,2494.5640595361183,3300,56.217408394845684,HOLD,2493.0942486957756,2492.6046852291183,BUY,False,False,False,False,HOLD,2497.1643366175545,2488.4128209082414,HOLD,HOLD
2025-09-29 00:20:34.118864+00:00,2493.4074135032806,2493.5006115911606,2491.3292699418685,2492.8626887986284,2298,51.518281184387696,HOLD,2493.047936716346,2492.628140099074,BUY,False,False,False,False,HOLD,2496.9681666385163,2489.0012839411124,HOLD,HOLD
2025-09-29 00:25:34.118864+00:00,2491.6850836033486,2493.710688562181,2490.317359364415,2491.8640150869137,1551,48.932718520816735,HOLD,2492.81115239046,2492.5586741888774,BUY,False,False,False,False,HOLD,2496.7622585629806,2489.4543327591573,HOLD,HOLD
2025-09-29 00:30:34.118864+00:00,2495.0014080935885,2495.88845221861,2492.6625381322933,2493.961732002226,3783,54.13918866047721,HOLD,2493.0412683128134,2492.686224899182,BUY,False,False,False,False,HOLD,2496.754629645518,2489.793329779392,HOLD,HOLD
2025-09-29 00:35:34.118864+00:00,2494.0664841068046,2495.8602764033794,2492.3614825790764,2494.179227354231,4189,54.655384088635934,HOLD,2493.268860121097,2492.8219523950956,BUY,False,False,False,False,HOLD,2496.5899236642745,2490.3922012536823,HOLD,HOLD
2025-09-29 00:40:34.118864+00:00,2494.7574807265173,2495.697222544443,2493.2371085594764,2494.182898790539,1457,54.66466049988763,HOLD,2493.4516678549858,2492.945674794681,BUY,False,False,False,False,HOLD,2496.655725297386,2490.4558883756,HOLD,HOLD
2025-09-29 00:45:34.118864+00:00,2493.3632085803433,2495.0549175757487,2493.1533246142385,2493.82352612707,1177,53.510706037560475,HOLD,2493.526039509403,2493.0254794612615,BUY,False,False,False,False,HOLD,2496.664231735118,2490.4608003913954,HOLD,HOLD
2025-09-29 00:50:34.118864+00:00,2492.823545834188,2491.9087193821415,2489.909766165307,2490.770818502555,3495,44.849732207784434,HOLD,2492.9749953080336,2492.820510283197,BUY,False,False,False,False,HOLD,2496.6389151855815,2490.0806694811467,HOLD,HOLD
2025-09-29 00:55:34.118864+00:00,2492.473537226742,2493.4796578433484,2490.2039746146797,2492.1177582779555,4748,48.788338422643335,HOLD,2492.803547902018,2492.756623737266,BUY,False,False,False,False,HOLD,2496.4739284440857,2489.9760297505745,HOLD,HOLD
2025-09-29 01:00:34.118864+00:00,2490.7539579296185,2492.295653368592,2490.746683019195,2491.350818864169,2796,46.741447696542686,HOLD,2492.5130020944484,2492.628823294257,SELL,False,True,False,True,SHORT,2496.323810651272,2489.786334756552,HOLD,HOLD
2025-09-29 01:05:34.118864+00:00,2495.7797868595894,2497.7341932074714,2495.2981020795637,2497.1950566210776,4618,60.381783299638705,HOLD,2493.4494129997743,2493.043935414877,BUY,True,False,True,False,LONG,2496.585559918834,2489.6189911845745,SELL,HOLD
2025-09-29 01:10:34.118864+00:00,2492.86520113962,2496.899759741419,2495.068741772873,2495.9278068138356,2463,56.974299983971896,HOLD,2493.945091762587,2493.306105542055,BUY,False,False,False,False,HOLD,2496.631448510647,2489.5946346277015,HOLD,HOLD
2025-09-29 01:15:34.118864+00:00,2500.4662777923077,2501.9304669340304,2498.918669062161,2500.0509863588036,1630,64.07743183922929,HOLD,2495.16627068183,2493.9192765253956,BUY,False,False,False,False,HOLD,2498.124345022164,2488.7395326781457,SELL,HOLD
2025-09-29 01:20:34.118864+00:00,2504.127580036738,2506.3607120441407,2503.9612028119154,2504.712696268292,4963,70.08972350404507,SELL,2497.0755557991224,2494.900496502022,BUY,False,False,False,False,HOLD,2500.86712312484,2487.3724128985195,SELL,SELL
2025-09-29 01:25:34.118864+00:00,2501.5254345654885,2503.614532290835,2501.4497273787283,2503.0179519568474,2285,65.77943420329443,HOLD,2498.2640350306674,2495.6384469979153,BUY,False,False,False,False,HOLD,2502.4233690897654,2486.8531139829356,SELL,HOLD
2025-09-29 01:30:34.118864+00:00,2501.169829824227,2504.0075958128946,2501.1436763250463,2502.776962609579,1353,65.16574318091709,HOLD,2499.16662054645,2496.287402962612,BUY,False,False,False,False,HOLD,2503.669232913887,2486.602191605606,HOLD,HOLD
2025-09-29 01:35:34.118864+00:00,2502.6419933185953,2504.6625300166615,2502.3820389680873,2503.30524645875,3100,65.91643016100264,HOLD,2499.99434572891,2496.925388734988,BUY,False,False,False,False,HOLD,2504.851557245135,2486.4977212223084,HOLD,HOLD
2025-09-29 01:40:34.118864+00:00,2501.0256100941847,2503.2470157558732,2499.9961810050327,2501.6451833272035,4980,61.43602396153976,HOLD,2500.324513248569,2497.3544609706437,BUY,False,False,False,False,HOLD,2505.5600013894996,2486.670445547305,HOLD,HOLD
2025-09-29 01:45:34.118864+00:00,2499.997323423895,2501.6610491368992,2498.8375566453333,2500.1116947976707,2739,57.5449327782059,HOLD,2500.2819495583894,2497.6051185912825,BUY,False,False,False,False,HOLD,2505.7493727836063,2487.507256546549,HOLD,HOLD
2025-09-29 01:50:34.118864+00:00,2505.3676011317375,2504.616680936617,2502.8472219773776,2503.8933542390114,2940,63.65781356505118,HOLD,2501.004230494514,2498.1767763774396,BUY,False,False,False,False,HOLD,2506.707754683581,2487.5236935955672,HOLD,HOLD
2025-09-29 01:55:34.118864+00:00,2509.6084890200746,2510.3741664458707,2508.809924524338,2509.6371017846564,3923,70.58533542084567,SELL,2502.7308047525426,2499.2186241417317,BUY,False,False,False,False,HOLD,2508.8808302221314,2486.85792228187,SELL,SELL
2025-09-29 02:00:34.118864+00:00,2510.3918067715267,2510.848824017625,2509.0026865236514,2510.0576221952088,1303,71.02087590269497,SELL,2504.1961682410756,2500.2039876011386,BUY,False,False,False,False,HOLD,2510.7348294267263,2486.7234164169327,HOLD,SELL
2025-09-29 02:05:34.118864+00:00,2507.2888822532545,2507.3944835278207,2505.778909030528,2506.5102297378885,4287,62.60019594883823,HOLD,2504.6589805404383,2500.7772823408427,BUY,False,False,False,False,HOLD,2511.49070526689,2487.4321620418673,HOLD,HOLD
2025-09-29 02:10:34.118864+00:00,2506.984761549264,2509.050140305284,2506.3684734369144,2507.2850559276753,3314,63.61495694766151,HOLD,2505.184195617886,2501.3688981214636,BUY,False,False,False,False,HOLD,2512.3486156835893,2487.906584017713,HOLD,HOLD
2025-09-29 02:15:34.118864+00:00,2509.9258153145643,2510.8694625897506,2508.8063194140823,2509.818809847247,4604,66.78838902756235,HOLD,2506.1111184637584,2502.1370719147167,BUY,False,False,False,False,HOLD,2513.5231424499407,2488.296015500663,HOLD,HOLD
2025-09-29 02:20:34.118864+00:00,2508.355911272405,2509.045174011716,2506.633629721617,2508.013392905076,4980,62.59881209353442,HOLD,2506.491573352022,2502.67128291384,BUY,False,False,False,False,HOLD,2514.1783282048277,2489.0238791572297,HOLD,HOLD
2025-09-29 02:25:34.118864+00:00,2511.4060941414314,2510.138339639841,2508.154071197153,2509.2676117027436,4360,64.27536579046603,HOLD,2507.046781022166,2503.270949167377,BUY,False,False,False,False,HOLD,2514.8358402960885,2489.910775623536,HOLD,HOLD
2025-09-29 02:30:34.118864+00:00,2510.594637358122,2511.957781652089,2509.649254423856,2511.2108225441666,3782,66.76139465688009,HOLD,2507.8795893265665,2503.992755837994,BUY,False,False,False,False,HOLD,2515.1859297451447,2491.604686578641,HOLD,HOLD
2025-09-29 02:35:34.118864+00:00,2511.9555028208893,2512.673506111666,2510.317708557388,2511.582719398434,1970,67.23137944275749,HOLD,2508.6202153409404,2504.682752525307,BUY,False,False,False,False,HOLD,2515.4305388428,2493.306573593033,HOLD,HOLD
2025-09-29 02:40:34.118864+00:00,2514.208416660801,2515.666664188377,2513.3375944948007,2513.993377512333,3117,70.1752309288079,SELL,2509.694847775219,2505.5291729786727,BUY,False,False,False,False,HOLD,2515.540466692522,2495.460901608128,HOLD,SELL
2025-09-29 02:45:34.118864+00:00,2517.9381897937574,2517.4233144287923,2514.735536499044,2516.1144669165305,3201,72.5149429961894,SELL,2510.978771603481,2506.4914724275686,BUY,False,False,False,False,HOLD,2516.7531022204826,2496.1402071097123,HOLD,SELL
2025-09-29 02:50:34.118864+00:00,2519.495688027253,2517.956310146177,2516.022173870616,2516.9388428075076,2323,73.38872286426388,SELL,2512.1707858442865,2507.4412333711994,BUY,False,False,False,False,HOLD,2517.5698401660316,2497.424572763531,HOLD,SELL
2025-09-29 02:55:34.118864+00:00,2520.9060383230008,2520.5545344943375,2518.0960065927497,2519.4876817145323,2495,75.93599364990881,SELL,2513.634165018336,2508.536365038775,BUY,False,False,False,False,HOLD,2519.2429014849863,2497.69518098015,SELL,SELL
2025-09-29 03:00:34.118864+00:00,2519.830287553317,2521.0829217629735,2517.973345084829,2519.275417308102,3799,75.28964902628047,SELL,2514.7624154762893,2509.5126425178046,BUY,False,False,False,False,HOLD,2520.8358180236028,2497.5585365455136,HOLD,SELL
2025-09-29 03:05:34.118864+00:00,2517.9087159056576,2519.9494630577237,2516.365325737791,2517.996872133627,1461,71.35020210533001,SELL,2515.4093068077573,2510.2839361192428,BUY,False,False,False,False,HOLD,2521.835602968636,2498.0566436181584,HOLD,SELL
2025-09-29 03:10:34.118864+00:00,2520.7307510101296,2522.2821164361003,2519.210771675293,2520.6226128038325,2108,74.32176904719138,SELL,2516.4519680069725,2511.2238158178416,BUY,False,False,False,False,HOLD,2523.134112412079,2498.5426991941404,HOLD,SELL
2025-09-29 03:15:34.118864+00:00,2515.0131439571687,2517.9028757661986,2515.6014242404017,2517.3712355525504,1417,65.29113234112145,HOLD,2516.635821516088,2511.78267215736,BUY,False,False,False,False,HOLD,2523.63052285863,2499.4528876569702,HOLD,HOLD
2025-09-29 03:20:34.118864+00:00,2515.2524447004225,2518.231072473523,2514.781441538864,2516.298191980455,4949,62.58823401960924,HOLD,2516.5682956089613,2512.1931739594597,BUY,False,False,False,False,HOLD,2523.589089109882,2500.959622271043,HOLD,HOLD
2025-09-29 03:25:34.118864+00:00,2516.4449449120248,2518.2075712623932,2516.231726021966,2517.1655925455093,3025,63.889586650716225,HOLD,2516.687754996271,2512.645212012737,BUY,False,False,False,False,HOLD,2523.0696465560736,2503.184454599635,HOLD,HOLD
2025-09-29 03:30:34.118864+00:00,2518.603857357973,2519.809663052189,2517.6854634984497,2518.3701922140094,1589,65.67525901004043,HOLD,2517.024242439819,2513.1656647583072,BUY,False,False,False,False,HOLD,2523.0425673653285,2504.659217587879,HOLD,HOLD
2025-09-29 03:35:34.118864+00:00,2521.8460547463787,2522.701063447484,2520.4234070878006,2521.6505860013326,1314,70.02266555089757,SELL,2517.949511152122,2513.937021234946,BUY,False,False,False,False,HOLD,2524.0451578751777,2504.8579754996986,HOLD,SELL
2025-09-29 03:40:34.118864+00:00,2522.087932952381,2522.3653573518277,2520.7109126746245,2521.50426718445,4508,69.59923098245577,HOLD,2518.6604623585877,2514.6249526849006,BUY,False,False,False,False,HOLD,2524.8760508625855,2505.1717470112144,HOLD,HOLD
2025-09-29 03:45:34.118864+00:00,2519.559362364405,2520.1231714231203,2518.8021159903396,2519.591650498246,3832,64.1393327069967,HOLD,2518.8466999865195,2515.076470667932,BUY,False,False,False,False,HOLD,2524.864732489052,2506.4912074607832,HOLD,HOLD
2025-09-29 03:50:34.118864+00:00,2518.6830753019003,2518.732961842311,2516.293245920508,2517.0673814478682,2025,57.705234225374696,HOLD,2518.490836278789,2515.257462557017,BUY,False,False,False,False,HOLD,2524.4716650702535,2507.862507431602,HOLD,HOLD
2025-09-29 03:55:34.118864+00:00,2518.913184267727,2520.4643775636373,2517.9233426199435,2519.2692679570123,2931,61.347601125937324,HOLD,2518.646522614434,2515.6221721388347,BUY,False,False,False,False,HOLD,2524.486110215133,2508.793108097698,HOLD,HOLD
2025-09-29 04:00:34.118864+00:00,2518.7085679366337,2517.163729408304,2514.5254743870064,2516.502816952853,1382,54.94524382813605,HOLD,2518.217781482118,2515.7022307582906,BUY,False,False,False,False,HOLD,2523.783253065793,2510.344907651817,HOLD,HOLD
2025-09-29 04:05:34.118864+00:00,2515.0786480843085,2516.6454289281132,2514.767958203761,2516.129248896661,1107,54.12382950319536,HOLD,2517.800074965027,2515.741050589051,BUY,False,False,False,False,HOLD,2523.0674480951143,2511.746876341888,HOLD,HOLD
2025-09-29 04:10:34.118864+00:00,2516.4147565247827,2517.16973529931,2514.5591764337714,2516.3437337095206,3149,54.54400894078036,HOLD,2517.508806713926,2515.795839963639,BUY,False,False,False,False,HOLD,2522.554257932695,2512.773357620842,HOLD,HOLD
2025-09-29 04:15:34.118864+00:00,2513.7879896885456,2515.1479315203715,2513.305179342499,2513.817969038066,1057,48.867881111901504,HOLD,2516.770639178754,2515.6160335158593,BUY,False,False,False,False,HOLD,2522.1564956752277,2513.3946448422726,HOLD,HOLD
2025-09-29 04:20:34.118864+00:00,2512.783099254712,2513.247881674226,2510.70186752917,2512.3759100923307,1208,45.92909605835335,HOLD,2515.8916933614696,2515.321476840993,BUY,False,False,False,False,HOLD,2522.4160916091287,2512.9733021663715,BUY,BUY
2025-09-29 04:25:34.118864+00:00,2509.9927365687845,2512.557184573431,2510.2001159883507,2510.914675880608,2040,43.10063939629638,HOLD,2514.896289865297,2514.920858571867,SELL,False,True,False,True,SHORT,2523.016720089358,2511.85269458255,BUY,HOLD
2025-09-29 04:30:34.118864+00:00,2511.1178487300162,2513.383418886523,2510.2980624057454,2511.7754677358053,1317,45.24001932798826,HOLD,2514.272125439399,2514.634913950407,SELL,False,False,False,False,HOLD,2523.305893393711,2511.0471837710256,HOLD,HOLD
2025-09-29 04:35:34.118864+00:00,2512.9831501749363,2513.2346878365765,2509.5211060453466,2511.34188074794,2370,44.33575088657323,HOLD,2513.6860765011074,2514.3355472956373,SELL,False,False,False,False,HOLD,2523.3200516220327,2510.2184454460444,HOLD,HOLD
2025-09-29 04:40:34.118864+00:00,2511.062438622924,2512.525034954744,2509.872580286471,2511.2097011659607,2554,44.0467089394019,HOLD,2513.1908014340784,2514.0513794656667,SELL,False,False,False,False,HOLD,2523.251672511597,2509.4802529422673,HOLD,HOLD
2025-09-29 04:45:34.118864+00:00,2513.4535154852974,2513.252767856482,2511.515157694761,2512.470996832898,3227,47.55994367926445,HOLD,2513.0468405138427,2513.907708317233,SELL,False,False,False,False,HOLD,2523.141296251721,2509.0380416720704,HOLD,HOLD
2025-09-29 04:50:34.118864+00:00,2514.4352349300357,2514.777829956499,2512.6625248283713,2514.1669888332904,1061,51.93055530641808,HOLD,2513.2708701777324,2513.931279273238,SELL,False,False,False,False,HOLD,2522.52996461336,2509.0038109133775,HOLD,HOLD
2025-09-29 04:55:34.118864+00:00,2510.6551937789563,2512.10286250083,2509.5110666732994,2510.500360667765,4000,43.491217240214695,HOLD,2512.716768275739,2513.6193775818315,SELL,False,False,False,False,HOLD,2522.532465957814,2508.3142220804443,HOLD,HOLD
2025-09-29 05:00:34.118864+00:00,2507.0905106781042,2508.4229167340472,2505.779752606199,2506.9219946004164,4815,37.14657953525795,HOLD,2511.5578135406745,2513.010524583521,SELL,False,False,False,False,HOLD,2522.9962032506223,2506.912865049632,HOLD,HOLD
2025-09-29 05:05:34.118864+00:00,2508.469586706136,2509.217056265694,2507.2679579898554,2508.2576317634744,3947,40.628142941735646,HOLD,2510.8977771852346,2512.5784434180623,SELL,False,False,False,False,HOLD,2523.008885125434,2506.0093870966166,HOLD,HOLD
2025-09-29 05:10:34.118864+00:00,2510.5219567594277,2513.4341962628564,2510.7687324813664,2511.828375390044,3855,48.79431345771323,HOLD,2511.0838968261965,2512.510255415515,SELL,False,False,False,False,HOLD,2522.5587823391115,2505.8053082005435,HOLD,HOLD
2025-09-29 05:15:34.118864+00:00,2509.6556068631044,2511.3388588922376,2509.0599626889834,2510.082333348612,3615,45.4988327308058,HOLD,2510.8835841306795,2512.2895352276146,SELL,False,False,False,False,HOLD,2521.3854400630785,2505.8218252113043,HOLD,HOLD
2025-09-29 05:20:34.118864+00:00,2512.5737041211514,2514.016972009119,2512.0500736928884,2512.645924558457,2434,50.7574204202069,HOLD,2511.2360522162353,2512.321934257691,SELL,False,False,False,False,HOLD,2520.000493421266,2506.3209375905167,HOLD,HOLD
2025-09-29 05:25:34.118864+00:00,2511.320186543344,2512.8266387546973,2510.102118232318,2511.983958720077,4615,49.43113978565408,HOLD,2511.385633517004,2512.291209208817,SELL,False,False,False,False,HOLD,2518.9250959482124,2506.6355658857537,HOLD,HOLD
2025-09-29 05:30:34.118864+00:00,2511.3542818049505,2512.6741215454153,2509.5318749357084,2511.2235376654917,4331,47.88330969249998,HOLD,2511.353214346702,2512.1941481594235,SELL,False,False,False,False,HOLD,2518.322491252961,2506.6537862027676,HOLD,HOLD
2025-09-29 05:35:34.118864+00:00,2510.3922638951412,2511.395413349301,2509.9085169244076,2510.5694296571764,4642,46.53351252051359,HOLD,2511.196457408797,2512.046446477401,SELL,False,False,False,False,HOLD,2516.986423745407,2507.119869880338,HOLD,HOLD
2025-09-29 05:40:34.118864+00:00,2511.5396181187107,2511.595177012626,2508.5993565079984,2510.349589452683,1868,46.06352764386974,HOLD,2511.0270838175743,2511.892186747881,SELL,False,False,False,False,HOLD,2516.2600521311474,2507.2309187445803,HOLD,HOLD
2025-09-29 05:45:34.118864+00:00,2508.357217467759,2509.6899000403873,2506.8599359969808,2507.8856252901874,4392,41.058226782352236,HOLD,2510.398792112097,2511.527953888091,SELL,False,False,False,False,HOLD,2515.66420925163,2507.002399263451,HOLD,HOLD
2025-09-29 05:50:34.118864+00:00,2507.3558285171944,2507.5263568063765,2505.9550842725143,2506.814790271879,3291,39.07120485911783,HOLD,2509.6819917440534,2511.099484468435,SELL,False,False,False,False,HOLD,2514.9573585444828,2506.7563556268337,HOLD,HOLD
2025-09-29 05:55:34.118864+00:00,2503.657493082033,2506.5580945675943,2503.3621971563584,2504.7281056727875,3483,35.46898542777153,HOLD,2508.6912145298,2510.5202682142854,SELL,False,False,False,False,HOLD,2515.0934340927215,2505.711293742067,BUY,HOLD
2025-09-29 06:00:34.118864+00:00,2504.4718805721054,2505.693052147356,2503.724332140475,2504.6074205879886,2892,35.266470597824295,HOLD,2507.874455741438,2509.9827366118943,SELL,False,False,False,False,HOLD,2515.269476358596,2504.7584025257584,BUY,HOLD
2025-09-29 06:05:34.118864+00:00,2500.5980333300836,2501.0296008931005,2499.4369775299383,2500.178439426609,3742,28.773594674132283,BUY,2506.3352524784723,2509.0914368677772,SELL,False,False,False,False,HOLD,2516.3037098743816,2502.6505453645723,BUY,BUY
2025-09-29 06:10:34.118864+00:00,2500.6189659338074,2501.1746716434545,2499.0634140170255,2500.246834208545,3427,28.99101105087101,BUY,2505.117568824487,2508.287382080574,SELL,False,False,False,False,HOLD,2516.776455551665,2501.024936334564,BUY,BUY
2025-09-29 06:15:34.118864+00:00,2499.3309888856647,2501.695789090178,2499.816251568831,2500.9297148806586,4181,31.247565630284825,HOLD,2504.2799980357213,2507.6185032442177,SELL,False,False,False,False,HOLD,2516.9245539494864,2499.835621350014,HOLD,HOLD
2025-09-29 06:20:34.118864+00:00,2503.2130670828005,2504.319038007979,2502.266626256458,2503.443143282909,3875,38.93892871725169,HOLD,2504.112627085159,2507.2389250659166,SELL,False,False,False,False,HOLD,2516.6991465968154,2499.284372914379,HOLD,HOLD
2025-09-29 06:25:34.118864+00:00,2500.4995933218675,2503.705262398634,2501.1885335691827,2502.293243900881,4568,36.90481036968667,HOLD,2503.7487504483033,2506.789317687277,SELL,False,False,False,False,HOLD,2516.2772299536846,2498.6885142643087,HOLD,HOLD
2025-09-29 06:30:34.118864+00:00,2501.6866714493312,2503.739754936557,2501.191527401649,2502.603838927444,2041,37.84921514730543,HOLD,2503.5197681441314,2506.408819618201,SELL,False,False,False,False,HOLD,2515.3627932015647,2498.4466360258443,HOLD,HOLD
2025-09-29 06:35:34.118864+00:00,2505.141900606695,2505.625000148837,2502.4228601660047,2503.6636113335708,1288,41.089317808964054,HOLD,2503.5485367820193,2506.159255228689,SELL,False,False,False,False,HOLD,2514.961495034493,2498.1642592594962,HOLD,HOLD
2025-09-29 06:40:34.118864+00:00,2504.261903400497,2504.620850084395,2502.6857026402217,2503.5926965417775,4092,40.935530151761725,HOLD,2503.557368733971,2505.9259317116966,SELL,False,False,False,False,HOLD,2514.896424785231,2497.896399702894,HOLD,HOLD
2025-09-29 06:45:34.118864+00:00,2508.1384487615314,2506.9771193032,2505.225360028181,2505.7537117847723,3671,47.39670084443664,HOLD,2503.9966373441316,2505.9102753547036,SELL,False,False,False,False,HOLD,2514.7294599065135,2497.8129725837416,HOLD,HOLD
2025-09-29 06:50:34.118864+00:00,2504.208298180879,2505.386437585975,2503.7286284884876,2504.4872650067796,1663,44.33577370105999,HOLD,2504.094762876661,2505.7809107776193,SELL,False,False,False,False,HOLD,2513.9752896092964,2497.833031842632,HOLD,HOLD
2025-09-29 06:55:34.118864+00:00,2509.21804333487,2510.1340605947357,2507.9607769106233,2508.996085324916,2775,55.38325819259082,HOLD,2505.0750273663125,2506.073199372828,SELL,False,False,False,False,HOLD,2513.8165382061934,2497.8831584433656,HOLD,HOLD
2025-09-29 07:00:34.118864+00:00,2513.992872650605,2513.8600539093495,2511.998747866882,2512.77754306841,2980,62.16527433853377,HOLD,2506.6155305067323,2506.6826851633355,SELL,False,False,False,False,HOLD,2513.8469385882595,2497.8659199122944,HOLD,HOLD
2025-09-29 07:05:34.118864+00:00,2513.012299171361,2515.0691635687126,2511.9534382720644,2513.3692675739208,4485,63.110230998002436,HOLD,2507.96627792017,2507.2905562915703,BUY,True,False,True,False,LONG,2514.160144865069,2497.69124452087,HOLD,HOLD
2025-09-29 07:10:34.118864+00:00,2517.3572793515323,2516.852534335405,2514.042997561813,2515.788069840207,4726,66.7644128098912,HOLD,2509.5306363041773,2508.0630575232644,BUY,False,False,False,False,HOLD,2515.2178679436647,2497.089974659745,SELL,HOLD
2025-09-29 07:15:34.118864+00:00,2519.251971316504,2518.7331284449638,2516.868714018765,2517.8124110808026,1253,69.48847011507769,HOLD,2511.1869912595025,2508.9493623921317,BUY,False,False,False,False,HOLD,2516.8171944030846,2496.2149463426877,SELL,HOLD
2025-09-29 07:20:34.118864+00:00,2519.214135951957,2519.8343461790714,2518.440282747557,2518.9946290883154,4860,70.98417639323678,SELL,2512.748518825265,2509.862568455421,BUY,False,False,False,False,HOLD,2518.567899445626,2495.328745263709,SELL,SELL
2025-09-29 07:25:34.118864+00:00,2517.162067963259,2518.781554793979,2515.400062272719,2516.916379122876,3836,64.95599303098263,HOLD,2513.5820908847872,2510.5038239706437,BUY,False,False,False,False,HOLD,2519.845320931997,2494.954399160609,HOLD,HOLD
2025-09-29 07:30:34.118864+00:00,2513.7544634826027,2517.0400499260018,2514.4750687530986,2515.078222998826,3016,60.09492187704409,HOLD,2513.881317307595,2510.919678427751,BUY,False,False,False,False,HOLD,2520.7169343488604,2494.909129016439,HOLD,HOLD
2025-09-29 07:35:34.118864+00:00,2513.2615753018604,2514.4792626096673,2511.6871484743842,2513.4885637224525,3838,56.17934496296513,HOLD,2513.8027665905665,2511.153213454542,BUY,False,False,False,False,HOLD,2521.307881460691,2495.1942277095745,HOLD,HOLD
2025-09-29 07:40:34.118864+00:00,2513.7799540595624,2514.123596440318,2512.748393689851,2513.3907773633937,1522,55.937897285473014,HOLD,2513.720368745132,2511.3566283553464,BUY,False,False,False,False,HOLD,2521.821677403992,2495.5587674438148,HOLD,HOLD
2025-09-29 07:45:34.118864+00:00,2513.0504619504236,2514.805954500117,2513.3121050029226,2514.03389555105,2825,57.23952294642994,HOLD,2513.783074106316,2511.6000162822284,BUY,False,False,False,False,HOLD,2522.0783941602217,2496.687596300029,HOLD,HOLD
2025-09-29 07:50:34.118864+00:00,2511.9116302370735,2513.2269742662215,2511.5032728401648,2512.210525771826,1096,52.50386023917647,HOLD,2513.4685644394176,2511.655517144919,BUY,False,False,False,False,HOLD,2521.971890918704,2497.9904686978743,HOLD,HOLD
2025-09-29 07:55:34.118864+00:00,2510.435740122572,2510.683074856936,2508.738081203792,2509.540918370339,3276,46.44512195043328,HOLD,2512.683035225602,2511.463280892684,BUY,False,False,False,False,HOLD,2521.627317945724,2499.1961620198226,HOLD,HOLD
2025-09-29 08:00:34.118864+00:00,2508.615264002063,2509.3732501904155,2507.139121677305,2507.7502046342665,4828,42.87139001180657,HOLD,2511.696469107335,2511.125728505555,BUY,False,False,False,False,HOLD,2521.4373565899123,2499.8168295107707,HOLD,HOLD
2025-09-29 08:05:34.118864+00:00,2510.0591147207215,2510.683087917585,2507.9643198722197,2509.5688895151525,4607,47.30603369018462,HOLD,2511.2709531888986,2510.984197688246,BUY,False,False,False,False,HOLD,2521.0863515628475,2500.895399099262,HOLD,HOLD
2025-09-29 08:10:34.118864+00:00,2507.077179117017,2510.630420429733,2508.6456153995705,2509.3791653581375,4585,46.89705516509478,HOLD,2510.8925956227467,2510.838285658236,BUY,False,False,False,False,HOLD,2520.6663098133636,2501.9929734918155,HOLD,HOLD
2025-09-29 08:15:34.118864+00:00,2506.5498899464096,2506.605349280858,2504.604336733803,2506.054455046018,2496,40.31884281685715,HOLD,2509.924967507401,2510.403391966216,SELL,False,True,False,True,SHORT,2520.426902278124,2502.4714653982996,HOLD,HOLD
2025-09-29 08:20:34.118864+00:00,2506.6308491454697,2508.1893256653175,2504.9758677065056,2506.6185124015497,2312,41.810138562540885,HOLD,2509.263676486231,2510.059312005792,SELL,False,False,False,False,HOLD,2520.1105367949194,2503.0904124674817,HOLD,HOLD
2025-09-29 08:25:34.118864+00:00,2509.768945979595,2512.490889324181,2509.484367492444,2510.854909994248,2436,51.593504808548694,HOLD,2509.5819231878345,2510.1316390956517,SELL,False,False,False,False,HOLD,2519.921977315107,2503.7890917682416,HOLD,HOLD
2025-09-29 08:30:34.118864+00:00,2514.0933132157247,2515.323297463034,2512.752696880767,2513.395991031972,2978,56.33564633379921,HOLD,2510.3447367566623,2510.4283983625896,SELL,False,False,False,False,HOLD,2519.601784937714,2505.000156748154,HOLD,HOLD
2025-09-29 08:35:34.118864+00:00,2512.8402749046145,2513.6913241662246,2510.816770931213,2512.47139948857,3422,54.253022219635184,HOLD,2510.770069303044,2510.614125737679,BUY,True,False,True,False,LONG,2519.6078594049923,2505.341613697241,HOLD,HOLD
2025-09-29 08:40:34.118864+00:00,2512.6373572243874,2513.2770560626554,2510.9489428793227,2511.7816779565715,2656,52.68825416805204,HOLD,2510.9723910337493,2510.7202668484874,BUY,False,False,False,False,HOLD,2519.563067756442,2505.286818834608,HOLD,HOLD
2025-09-29 08:45:34.118864+00:00,2514.2741414555476,2516.5827126634026,2514.4378648685947,2515.1178858496037,4109,58.86799075843109,HOLD,2511.8014899969203,2511.1200503940436,BUY,False,False,False,False,HOLD,2519.741455928032,2505.2832924905856,HOLD,HOLD
2025-09-29 08:50:34.118864+00:00,2513.915246391153,2514.2671898711633,2512.5334841205586,2513.620763923014,3263,55.372683872609414,HOLD,2512.165344782139,2511.347387987586,BUY,False,False,False,False,HOLD,2519.4898984055853,2505.318119421313,HOLD,HOLD
2025-09-29 08:55:34.118864+00:00,2510.9171156659254,2512.6030082814473,2510.3031657834504,2511.4372200048815,3873,50.64914332822388,HOLD,2512.019719826688,2511.3555545346126,BUY,False,False,False,False,HOLD,2518.704971181243,2505.4655275380633,HOLD,HOLD
2025-09-29 09:00:34.118864+00:00,2505.26803378264,2507.44351248656,2504.089256204909,2505.609335721749,4011,40.67578010068027,HOLD,2510.7376430057,2510.8331710061702,SELL,False,True,False,True,SHORT,2517.7966797699887,2505.035289612662,HOLD,HOLD
2025-09-29 09:05:34.118864+00:00,2505.9250834505606,2506.813257054578,2504.7178477890257,2505.4415969192582,2244,40.42902276207947,HOLD,2509.678433788412,2510.34302790736,SELL,False,False,False,False,HOLD,2517.20403066711,2504.4804604951782,HOLD,HOLD
2025-09-29 09:10:34.118864+00:00,2504.4203470726375,2506.602141749851,2503.8266798217155,2505.4436603994163,2116,40.43381000484422,HOLD,2508.8314791106127,2509.897630861183,SELL,False,False,False,False,HOLD,2516.8299345320042,2503.891100370343,HOLD,HOLD
2025-09-29 09:15:34.118864+00:00,2506.9443106817043,2506.373693850036,2504.3640454709202,2505.149793542881,4668,39.94153199175417,HOLD,2508.0951419970665,2509.466009286792,SELL,False,False,False,False,HOLD,2516.63518662024,2503.25197126415,HOLD,HOLD
2025-09-29 09:20:34.118864+00:00,2509.0008737744324,2509.84680307874,2507.3679547472907,2508.7281981375336,1646,48.21016668054622,HOLD,2508.22175322516,2509.3989355459503,SELL,False,False,False,False,HOLD,2516.2187548705433,2503.2021450912607,HOLD,HOLD
2025-09-29 09:25:34.118864+00:00,2508.6601489882605,2509.9286099913434,2507.948781346059,2508.4968314614994,1688,47.75239307973179,HOLD,2508.276768872428,2509.316926083727,SELL,False,False,False,False,HOLD,2515.6311920473345,2503.2360015055147,HOLD,HOLD
2025-09-29 09:30:34.118864+00:00,2503.75352510163,2506.455636391774,2503.668195706948,2504.934387395869,4013,41.25653159616362,HOLD,2507.608292577116,2508.91851347574,SELL,False,False,False,False,HOLD,2515.43305333424,2502.7065263810127,HOLD,HOLD
2025-09-29 09:35:34.118864+00:00,2505.060384357545,2504.725764050962,2502.9426170016422,2503.8818175806,1668,39.54486470778996,HOLD,2506.862997577813,2508.460632030727,SELL,False,False,False,False,HOLD,2515.5524546097213,2502.021215026558,HOLD,HOLD
2025-09-29 09:40:34.118864+00:00,2502.735470678528,2504.1021950500462,2502.0761217665113,2503.4741530977335,3911,38.872194426218975,HOLD,2506.185228681797,2508.007315764091,SELL,False,False,False,False,HOLD,2515.735219603715,2501.4108448789107,HOLD,HOLD
2025-09-29 09:45:34.118864+00:00,2502.3600924674124,2503.4145434187367,2501.3801262913144,2502.3826744339726,2352,37.05478210175736,HOLD,2505.424717832232,2507.49598473408,SELL,False,False,False,False,HOLD,2515.869570586997,2500.5578723875115,HOLD,HOLD
2025-09-29 09:50:34.118864+00:00,2499.311272095232,2500.564274145514,2497.836641977017,2499.024606251594,1806,32.08462297512004,HOLD,2504.1446955161045,2506.7258594174905,SELL,False,False,False,False,HOLD,2516.35476280772,2499.037224256134,BUY,HOLD
2025-09-29 09:55:34.118864+00:00,2501.0980021313503,2500.2159191479595,2498.3168450933335,2499.682142560308,2500,33.95270515285566,HOLD,2503.252184924945,2506.0855215213833,SELL,False,False,False,False,HOLD,2516.7315179534976,2498.0232378617843,HOLD,HOLD
2025-09-29 10:00:34.118864+00:00,2502.1764153741683,2503.0485534988443,2500.8523946749942,2501.9971913676964,4216,40.190396485179434,HOLD,2503.001186213495,2505.7138551437756,SELL,False,False,False,False,HOLD,2516.802805672427,2497.4898180394703,HOLD,HOLD
2025-09-29 10:05:34.118864+00:00,2501.6502685126075,2503.2974144028053,2500.984795243566,2502.382974334479,3837,41.1871971144617,HOLD,2502.877543837692,2505.411047797476,SELL,False,False,False,False,HOLD,2516.437320414051,2497.00810973187,HOLD,HOLD
2025-09-29 10:10:34.118864+00:00,2503.995559720743,2506.1287632120752,2503.0917979980763,2504.8721079790535,3618,47.29114493574226,HOLD,2503.2764566659644,2505.3620532685286,SELL,False,False,False,False,HOLD,2515.5135954751363,2497.0794463654925,HOLD,HOLD
2025-09-29 10:15:34.118864+00:00,2507.164230622749,2507.783966509037,2505.139818196196,2505.8468941903084,3473,49.501505928588855,HOLD,2503.7905441708335,2505.406129715963,SELL,False,False,False,False,HOLD,2514.712175234335,2497.218416076467,HOLD,HOLD
2025-09-29 10:20:34.118864+00:00,2503.7758280585977,2503.338903673617,2502.041083680643,2502.789211171883,1699,43.35923456631462,HOLD,2503.5902775710433,2505.1682280301375,SELL,False,False,False,False,HOLD,2513.921516434576,2497.1098281977575,HOLD,HOLD
2025-09-29 10:25:34.118864+00:00,2502.8836060302933,2505.2445029170854,2502.7485461874785,2503.2917367579967,2642,44.57641675734276,HOLD,2503.530569408434,2504.997637914488,SELL,False,False,False,False,HOLD,2512.0529140959584,2497.795815627214,HOLD,HOLD
2025-09-29 10:30:34.118864+00:00,2508.5354565081343,2508.7537981726914,2506.381658349364,2507.7337556718458,4615,53.98875217405356,HOLD,2504.3712066611165,2505.2463758924296,SELL,False,False,False,False,HOLD,2510.6459493270586,2498.614079570997,HOLD,HOLD
2025-09-29 10:35:34.118864+00:00,2503.067948347953,2506.93778126193,2504.203254830693,2504.9955948825555,1077,48.51888439569103,HOLD,2504.4960843054046,2505.2235776188045,SELL,False,False,False,False,HOLD,2509.4096433093405,2499.2062230764836,HOLD,HOLD
2025-09-29 10:40:34.118864+00:00,2504.848945615001,2507.674549845734,2505.6406788392715,2506.3712291218562,1598,51.194192202922885,HOLD,2504.871113268695,2505.3279095736275,SELL,False,False,False,False,HOLD,2509.4997671595315,2499.192288566302,HOLD,HOLD
2025-09-29 10:45:34.118864+00:00,2509.8778593959555,2509.638041099299,2507.3068834487563,2508.679493794837,2295,55.38390871974592,HOLD,2505.6327893739235,2505.632599048283,BUY,True,False,True,False,LONG,2509.998955456266,2499.016889957126,HOLD,HOLD
2025-09-29 10:50:34.118864+00:00,2507.3614027885933,2510.2030415523795,2507.4208898897577,2509.3515613641625,4346,56.55335793566631,HOLD,2506.3765437719712,2505.9706865315447,BUY,False,False,False,False,HOLD,2510.5978466908377,2498.808788819029,HOLD,HOLD
2025-09-29 10:55:34.118864+00:00,2508.5744234824765,2510.0788671445903,2507.8920924948293,2508.774633098737,4303,55.215396477208856,HOLD,2506.8561616373245,2506.2255907649255,BUY,False,False,False,False,HOLD,2511.053416727361,2498.7157027380917,HOLD,HOLD
